<?xml version='1.0' encoding='UTF-8'?>
<messages>
    <format>
        <id>1</id>
        <from>ganapathyhariharancse@gmail.com</from>
        <msg>hello</msg>
        <sendDate>today</sendDate>
        <read>0</read>
    </format>
    <format>
        <id>1</id>
        <from>ganapathyhariharancse@gmail.com</from>
        <msg>hello</msg>
        <sendDate>today</sendDate>
        <read>0</read>
    </format>
    <format>
        <id>1</id>
        <from>ganapathyhariharancse@gmail.com</from>
        <msg>hello</msg>
        <sendDate>today</sendDate>
        <read>0</read>
    </format>
    
    
</messages>